{
  "train_acc": [
    0.5889381766319275,
    0.7026289105415344,
    0.7463297843933105,
    0.7572550177574158,
    0.768180251121521,
    0.7825196385383606,
    0.7900307178497314,
    0.7886650562286377,
    0.7920792102813721,
    0.8163195848464966,
    0.8152953386306763,
    0.8146125078201294,
    0.8371458053588867,
    0.8337316513061523,
    0.8426083922386169,
    0.8671901822090149,
    0.8654831051826477,
    0.8671901822090149,
    0.8740184307098389,
    0.8767497539520264,
    0.8798224925994873,
    0.8774325847625732,
    0.8740184307098389,
    0.8794810771942139,
    0.8846022486686707,
    0.8767497539520264,
    0.8777740001678467,
    0.8740184307098389,
    0.875725507736206,
    0.8774325847625732,
    0.8675315976142883,
    0.8753840923309326,
    0.8774325847625732,
    0.8818709254264832,
    0.8767497539520264,
    0.8815295100212097,
    0.8798224925994873,
    0.8852850794792175,
    0.8747012615203857,
    0.8688972592353821
  ],
  "train_kappa": [
    0.6516352891921997,
    0.8117937445640564,
    0.8433595299720764,
    0.8435767292976379,
    0.8607962131500244,
    0.861395001411438,
    0.8721787333488464,
    0.8763371706008911,
    0.8784740567207336,
    0.8898280262947083,
    0.8868592977523804,
    0.8863880038261414,
    0.9071211218833924,
    0.8973636627197266,
    0.9049530029296876,
    0.9166870713233948,
    0.9164339900016784,
    0.9137701988220216,
    0.9210752844810486,
    0.9245311617851256,
    0.9230778217315674,
    0.9275007843971252,
    0.9265429973602296,
    0.9245012998580932,
    0.9327678680419922,
    0.9249210357666016,
    0.9295706152915956,
    0.92220538854599,
    0.9205005168914796,
    0.9260409474372864,
    0.9190195202827454,
    0.9217529892921448,
    0.9294166564941406,
    0.9332793354988098,
    0.9266799092292786,
    0.9271070957183838,
    0.9282230138778688,
    0.9298087358474731,
    0.92355614900589,
    0.916419267654419
  ],
  "train_loss": [
    1.2164710760116575,
    0.9407405853271484,
    0.8714534044265747,
    0.8129451870918274,
    0.7748420834541321,
    0.7368877530097961,
    0.7033867835998535,
    0.688690185546875,
    0.6687337756156921,
    0.6227177977561951,
    0.604606032371521,
    0.5971881747245789,
    0.5510942339897156,
    0.5392742156982422,
    0.490922063589096,
    0.434469997882843,
    0.4391230344772339,
    0.4108469188213348,
    0.4013281762599945,
    0.3896480202674866,
    0.3962514102458954,
    0.3937236964702606,
    0.3844164311885834,
    0.4009400308132171,
    0.3866519927978515,
    0.3913626670837402,
    0.3935961127281189,
    0.3946790695190429,
    0.390846848487854,
    0.3761330246925354,
    0.411541998386383,
    0.39638352394104,
    0.3869956433773041,
    0.383555144071579,
    0.3837237656116485,
    0.3897157907485962,
    0.3854098916053772,
    0.3819442689418793,
    0.4084199666976928,
    0.4029809832572937
  ],
  "train_macro_f1": [
    0.4323205053806305,
    0.5497812032699585,
    0.5998795628547668,
    0.6113355755805969,
    0.6338030695915222,
    0.6515645980834961,
    0.6709160804748535,
    0.6634063720703125,
    0.676735520362854,
    0.7008934617042542,
    0.7023223638534546,
    0.706083357334137,
    0.739004909992218,
    0.7364067435264587,
    0.7532467246055603,
    0.7888417840003967,
    0.7855690717697144,
    0.7901648879051208,
    0.7990562915802002,
    0.804901123046875,
    0.8050470352172852,
    0.8010655045509338,
    0.8002215623855591,
    0.8088905215263367,
    0.8141305446624756,
    0.8042851686477661,
    0.8027732372283936,
    0.801889955997467,
    0.8005263805389404,
    0.8054078221321106,
    0.7885682582855225,
    0.7986129522323608,
    0.8033337593078613,
    0.8086494207382202,
    0.8069332242012024,
    0.8070054650306702,
    0.8047501444816589,
    0.8105556964874268,
    0.7981420755386353,
    0.7905175685882568
  ],
  "train_macro_prec": [
    0.4464217126369476,
    0.548007071018219,
    0.5945978164672852,
    0.6021087169647217,
    0.6245121955871582,
    0.6398078203201294,
    0.6562891006469727,
    0.6509251594543457,
    0.6594457626342773,
    0.6828063130378723,
    0.6833699941635132,
    0.688175618648529,
    0.7159923911094666,
    0.712470293045044,
    0.7276758551597595,
    0.7651154398918152,
    0.7602013945579529,
    0.7632681727409363,
    0.7730321288108826,
    0.7783334851264954,
    0.7781707048416138,
    0.7770926356315613,
    0.773722231388092,
    0.7826632261276245,
    0.7887701988220215,
    0.7787504196166992,
    0.776004433631897,
    0.7759498357772827,
    0.7741309404373169,
    0.7788825035095215,
    0.7627604603767395,
    0.7718536257743835,
    0.7765013575553894,
    0.7821965217590332,
    0.7791449427604675,
    0.7813515663146973,
    0.7787342071533203,
    0.7850444912910461,
    0.7723384499549866,
    0.7668436765670776
  ],
  "train_macro_rec": [
    0.4851224720478058,
    0.6008052229881287,
    0.650367021560669,
    0.6562617421150208,
    0.6823266744613647,
    0.7046189308166504,
    0.7217522263526917,
    0.7116177082061768,
    0.7363600730895996,
    0.7504468560218811,
    0.7537022829055786,
    0.7609376311302185,
    0.7895554304122925,
    0.7944382429122925,
    0.8126342296600342,
    0.8350971937179565,
    0.8374804258346558,
    0.8416010141372681,
    0.8468847274780273,
    0.8534515500068665,
    0.8518928289413452,
    0.8438868522644043,
    0.8502969145774841,
    0.8537870049476624,
    0.8580934405326843,
    0.8528359532356262,
    0.8489767909049988,
    0.8491329550743103,
    0.8480045795440674,
    0.8532150387763977,
    0.8382743000984192,
    0.8506068587303162,
    0.8508864641189575,
    0.8558401465415955,
    0.8554796576499939,
    0.850877046585083,
    0.8486644625663757,
    0.8555057048797607,
    0.8435711860656738,
    0.8323283791542053
  ],
  "val_acc": [
    0.7653478980064392,
    0.7407912611961365,
    0.8035470843315125,
    0.7462483048439026,
    0.7626193761825562,
    0.7653478980064392,
    0.7871760129928589,
    0.6889495253562927,
    0.7789904475212097,
    0.7980900406837463,
    0.7503410577774048,
    0.7653478980064392,
    0.7735334038734436,
    0.7598908543586731,
    0.7830832004547119,
    0.7871760129928589,
    0.7899044752120972,
    0.7939972877502441,
    0.7912687659263611,
    0.7912687659263611,
    0.7926329970359802,
    0.7926329970359802,
    0.7926329970359802,
    0.7939972877502441,
    0.7953615188598633,
    0.7912687659263611,
    0.7939972877502441,
    0.7939972877502441,
    0.7953615188598633,
    0.7967258095741272,
    0.7967258095741272,
    0.7939972877502441,
    0.7939972877502441,
    0.7912687659263611,
    0.7926329970359802,
    0.7926329970359802,
    0.7967258095741272,
    0.7953615188598633,
    0.7939972877502441,
    0.7939972877502441
  ],
  "val_bal_acc": [
    0.5603659152984619,
    0.6231537461280823,
    0.6383677124977112,
    0.6261140704154968,
    0.6068466901779175,
    0.6216332912445068,
    0.6175857782363892,
    0.5815921425819397,
    0.6470234394073486,
    0.6558660268783569,
    0.634969174861908,
    0.6593008637428284,
    0.629584550857544,
    0.6543624997138977,
    0.6561977863311768,
    0.6647339463233948,
    0.661413848400116,
    0.6619039177894592,
    0.6570302844047546,
    0.655441164970398,
    0.659304678440094,
    0.6604685187339783,
    0.659304678440094,
    0.6584597229957581,
    0.6613249182701111,
    0.6513590812683105,
    0.6553465127944946,
    0.6614786386489868,
    0.6580461859703064,
    0.6602200865745544,
    0.6515949964523315,
    0.6549211740493774,
    0.6554469466209412,
    0.6523750424385071,
    0.6549093723297119,
    0.6539583206176758,
    0.6569414138793945,
    0.664603590965271,
    0.6581999063491821,
    0.6543954014778137
  ],