{
  "kappa_quadratic": 0.0,
  "balanced_accuracy": 0.2,
  "val_accuracy": [
    0.07670454680919647,
    0.07670454680919647,
    0.07670454680919647,
    0.07670454680919647,
    0.07670454680919647,
    0.07670454680919647,
    0.07670454680919647,
    0.07670454680919647,
    0.07670454680919647
  ],
  "val_loss": [
    1.6117641925811768,
    1.6103343963623047,
    1.6091254949569702,
    1.6081584692001343,
    1.6119240522384644,
    1.6109633445739746,
    1.611249566078186,
    1.6107410192489624,
    1.6108320951461792
  ]
}