{
  "train_acc": [
    0.3943325281143188,
    0.5353363156318665,
    0.5261180996894836,
    0.5404574871063232,
    0.5513827204704285,
    0.5667463541030884,
    0.5551382899284363,
    0.6019119024276733,
    0.5797200202941895,
    0.5687947869300842,
    0.5742574334144592,
    0.5834755897521973,
    0.5766473412513733,
    0.5817685127258301,
    0.5797200202941895
  ],
  "train_kappa": [
    0.3116765320301056,
    0.4867932498455047,
    0.4919275045394897,
    0.4982330203056335,
    0.5074188113212585,
    0.5082512497901917,
    0.5196670889854431,
    0.5487183928489685,
    0.5510832667350769,
    0.5416954755783081,
    0.5380028486251831,
    0.5483734607696533,
    0.5417929291725159,
    0.5506455898284912,
    0.5499157905578613
  ],
  "train_loss": [
    2.8137495517730717,
    1.3557915687561035,
    1.3193092346191406,
    1.3159735202789309,
    1.3279428482055664,
    1.2966874837875366,
    1.2977678775787354,
    1.2891039848327637,
    1.260892033576965,
    1.2536509037017822,
    1.242724895477295,
    1.239010453224182,
    1.2444889545440674,
    1.2303516864776611,
    1.2453709840774536
  ],
  "train_macro_f1": [
    0.2682650983333587,
    0.3565697073936462,
    0.3254572749137878,
    0.353119820356369,
    0.3601926565170288,
    0.3758760690689087,
    0.3656350374221802,
    0.3971560299396515,
    0.3862583041191101,
    0.3821569383144378,
    0.3882265388965606,
    0.3999418318271637,
    0.3884053528308868,
    0.4007377326488495,
    0.3958944380283355
  ],
  "train_macro_prec": [
    0.2928732931613922,
    0.3690195083618164,
    0.3696604371070862,
    0.3957110047340393,
    0.387552410364151,
    0.3969824016094208,
    0.3987026512622833,
    0.4006851613521576,
    0.4186858534812927,
    0.4234723746776581,
    0.427272081375122,
    0.4347625970840454,
    0.436905950307846,
    0.4402823746204376,
    0.4391900300979614
  ],
  "train_macro_rec": [
    0.2813487648963928,
    0.3843179047107696,
    0.3754676878452301,
    0.3997656106948852,
    0.3945689499378204,
    0.3991495668888092,
    0.4079762399196625,
    0.4147541224956512,
    0.4263079166412353,
    0.4388245642185211,
    0.4430978000164032,
    0.4506086409091949,
    0.4462957084178924,
    0.4689126014709472,
    0.4572886526584625
  ],
  "val_acc": [
    0.4679399728775024,
    0.4733969867229461,
    0.4884038269519806,
    0.4829467833042145,
    0.5607094168663025,
    0.5634379386901855,
    0.549795389175415,
    0.5579808950424194,
    0.5443383455276489,
    0.5525238513946533,
    0.5525238513946533,
    0.5443383455276489,
    0.542974054813385,
    0.5457025766372681,
    0.5457025766372681
  ],
  "val_bal_acc": [
    0.3526674211025238,
    0.3461162745952606,
    0.3666443824768066,
    0.375582754611969,
    0.4003778100013733,
    0.4072064459323883,
    0.3794596195220947,
    0.3976903259754181,
    0.3943178355693817,
    0.4011169672012329,
    0.4005911648273468,
    0.4023050665855407,
    0.401720255613327,
    0.4058553576469421,
    0.4058553576469421
  ],
  "val_kappa": [
    0.4486588835716247,
    0.342115044593811,
    0.3800159692764282,
    0.5460211634635925,
    0.4344854056835174,
    0.4871517121791839,
    0.4258862435817718,
    0.498764306306839,
    0.4700134098529815,
    0.4835743606090545,
    0.4685025811195373,
    0.4614391624927521,
    0.4604513049125671,
    0.4666965305805206,
    0.4666965305805206
  ],
  "val_loss": [
    1.340815782546997,
    1.3292860984802246,
    1.3325151205062866,
    1.3464525938034058,
    1.3022985458374023,
    1.307533860206604,
    1.3161487579345703,
    1.294668436050415,
    1.2951903343200684,
    1.3045225143432615,
    1.29933500289917,
    1.2940036058425903,
    1.2948142290115356,
    1.295743703842163,
    1.296988010406494
  ],
  "val_macro_f1": [
    0.2923251390457153,
    0.2717055976390838,
    0.2868992984294891,
    0.3227545917034149,
    0.3563235998153686,
    0.3859683573246002,
    0.332934558391571,
    0.3682459890842438,
    0.356772631406784,
    0.3647851049900055,
    0.359855592250824,
    0.3569974303245544,
    0.3569046258926391,
    0.3635809421539306,
    0.3635809421539306
  ],
  "val_macro_prec": [
    0.2775460183620453,
    0.3761652410030365,
    0.3718596696853637,
    0.4489270150661468,
    0.4574660956859588,
    0.4700452983379364,
    0.3478839099407196,
    0.4158799052238464,
    0.4359410405158996,
    0.4426803290843963,
    0.4295248985290527,
    0.4264284372329712,
    0.4267350733280182,
    0.4387904405593872,
    0.4387904405593872
  ],
  "val_macro_rec": [
    0.3526674211025238,
    0.3461162745952606,
    0.3666443824768066,
    0.375582754611969,
    0.4003778100013733,
    0.4072064459323883,
    0.3794596195220947,
    0.3976903259754181,
    0.3943178355693817,
    0.4011169672012329,
    0.4005911648273468,
    0.4023050665855407,
    0.401720255613327,
    0.4058553576469421,
    0.4058553576469421
  ],
  "best_epoch": 3,
  "best_kappa": 0.5460211634635925
}