{
  "train_acc": [
    0.6169341206550598,
    0.6869238615036011,
    0.7138954997062683,
    0.7453055381774902,
    0.7572550177574158,
    0.7552065849304199,
    0.7616934180259705,
    0.7654489874839783,
    0.7780812382698059,
    0.7890064716339111,
    0.8077841997146606,
    0.801980197429657,
    0.792762041091919,
    0.8323659896850586,
    0.8443154692649841
  ],
  "train_kappa": [
    0.7079176306724548,
    0.8040874004364014,
    0.8183598518371582,
    0.8465709090232849,
    0.8521358966827393,
    0.8398978114128113,
    0.8621711730957031,
    0.8729633688926697,
    0.8689903616905212,
    0.880620002746582,
    0.8912017941474915,
    0.8940601348876953,
    0.8825204968452454,
    0.9158199429512024,
    0.9155452847480774
  ],
  "train_loss": [
    1.1445757150650024,
    0.9966862797737122,
    0.9596983790397644,
    0.849964439868927,
    0.856207013130188,
    0.8207459449768066,
    0.7848042249679565,
    0.7487814426422119,
    0.7566665410995483,
    0.694390594959259,
    0.6686496734619141,
    0.6732590198516846,
    0.7033932209014893,
    0.5774621963500977,
    0.5317251682281494
  ],
  "train_macro_f1": [
    0.4450892806053161,
    0.5222368240356445,
    0.5470060706138611,
    0.6001754403114319,
    0.5995465517044067,
    0.6102744936943054,
    0.6235674023628235,
    0.6252289414405823,
    0.6397066116333008,
    0.6582369804382324,
    0.687059760093689,
    0.68015056848526,
    0.665218710899353,
    0.7231246829032898,
    0.7453227639198303
  ],
  "train_macro_prec": [
    0.4540264308452606,
    0.5210840106010437,
    0.5410389304161072,
    0.5956380367279053,
    0.5920074582099915,
    0.6001079678535461,
    0.6145883202552795,
    0.61613929271698,
    0.6285131573677063,
    0.6468465328216553,
    0.6691650152206421,
    0.6663450002670288,
    0.6536290049552917,
    0.7134430408477783,
    0.7271212935447693
  ],
  "train_macro_rec": [
    0.4883122444152832,
    0.5701199769973755,
    0.5849563479423523,
    0.6492599248886108,
    0.6324110627174377,
    0.655400812625885,
    0.6709563732147217,
    0.6730151772499084,
    0.6830006241798401,
    0.7014852166175842,
    0.7300405502319336,
    0.7276697754859924,
    0.7122825980186462,
    0.7665908336639404,
    0.7948083877563477
  ],
  "val_acc": [
    0.7639836072921753,
    0.7421555519104004,
    0.7012278437614441,
    0.7967258095741272,
    0.8049113154411316,
    0.7421555519104004,
    0.7817189693450928,
    0.7721691727638245,
    0.8049113154411316,
    0.7817189693450928,
    0.7735334038734436,
    0.817189633846283,
    0.8008185625076294,
    0.8130968809127808,
    0.8253751993179321
  ],
  "val_bal_acc": [
    0.5988022089004517,
    0.6243008375167847,
    0.639610230922699,
    0.646609365940094,
    0.6946852207183838,
    0.6667819619178772,
    0.6829310655593872,
    0.6763330698013306,
    0.6969007253646851,
    0.6492798924446106,
    0.6926964521408081,
    0.7002429962158203,
    0.677050769329071,
    0.7256991267204285,
    0.7305602431297302
  ],
  "val_kappa": [
    0.8564187288284302,
    0.8453905582427979,
    0.8280491232872009,
    0.8710604310035706,
    0.8764874935150146,
    0.8636747002601624,
    0.8887811899185181,
    0.8897755146026611,
    0.9011889696121216,
    0.8662512302398682,
    0.8808844089508057,
    0.8987922072410583,
    0.8789981007575989,
    0.9055144786834716,
    0.9089091420173644
  ],
  "val_loss": [
    0.9809986352920532,
    0.9272746443748474,
    0.8779879808425903,
    0.9331308007240297,
    0.8432180285453796,
    0.8124682903289795,
    0.8028551936149597,
    0.787730872631073,
    0.7996436357498169,
    0.8473586440086365,
    0.8218178749084473,
    0.8653189539909363,
    0.9273166060447692,
    0.825665295124054,
    0.8311929106712341
  ],
  "val_macro_f1": [
    0.5499621629714966,
    0.5689553618431091,
    0.5569053888320923,
    0.6375088691711426,
    0.67135089635849,
    0.6133677959442139,
    0.6400851607322693,
    0.6263729929924011,
    0.6702462434768677,
    0.6298626661300659,
    0.6492881178855896,
    0.690606951713562,
    0.67556232213974,
    0.6992389559745789,
    0.7124525904655457
  ],
  "val_macro_prec": [
    0.7047958970069885,
    0.6057423949241638,
    0.5782595276832581,
    0.67316073179245,
    0.6830562949180603,
    0.6239633560180664,
    0.6808218955993652,
    0.6548036336898804,
    0.7001038193702698,
    0.6354153752326965,
    0.6492761373519897,
    0.6975351572036743,
    0.6962181925773621,
    0.6949155926704407,
    0.7128432393074036
  ],
  "val_macro_rec": [
    0.5988022089004517,
    0.6243008375167847,
    0.639610230922699,
    0.646609365940094,
    0.6946852207183838,
    0.6667819619178772,
    0.6829310655593872,
    0.6763330698013306,
    0.6969007253646851,
    0.6492798924446106,
    0.6926964521408081,
    0.7002429962158203,
    0.677050769329071,
    0.7256991267204285,
    0.7305602431297302
  ],
  "best_epoch": 14,
  "best_kappa": 0.9089091420173644
}